query	subject	query_length	query_bases_aligned_union	query_coverage_percent	longest_hsp_bp	longest_hsp_identity_percent
p_1687:1:1:13154613	DAGCOY010000031.1	128673	61498	47.794	60114	99.998
p_1687:1:1:13154613	DAGCOY010000032.1	128673	50472	39.225	50481	99.626
p_1687:1:1:13154613	DAGCOY010000140.1	128673	49755	38.6678	49626	99.998
p_1687:1:1:13154613	DAGCOY010000058.1	128673	12185	9.4697	12185	99.992
p_1687:1:1:13154613	DAGCOY010000145.1	128673	11575	8.9957	11575	99.991
p_1687:1:1:13154613	DAGCOY010000078.1	128673	3159	2.4551	2843	100.000
p_1687:1:1:13154613	DAGCOY010000107.1	128673	844	0.6559	844	100.000
p_1687:1:1:13154613	DAGCOY010000055.1	128673	674	0.5238	674	96.884
p_1687:1:1:13154613	DAGCOY010000152.1	128673	613	0.4764	613	100.000
p_1687:1:1:13154613	DAGCOY010000124.1	128673	416	0.3233	416	100.000
p_1687:1:1:13154613	DAGCOY010000089.1	128673	362	0.2813	363	91.736
p_1687:1:1:13154613	DAGCOY010000075.1	128673	162	0.1259	162	99.383
p_1687:1:1:13154613	DAGCOY010000151.1	128673	79	0.0614	40	100.000
p_1687:1:1:13154613	DAGCOY010000150.1	128673	79	0.0614	40	100.000
p_1687:1:1:13154613	DAGCOY010000146.1	128673	40	0.0311	40	100.000
p_1687:1:1:13154613	DAGCOY010000147.1	128673	39	0.0303	39	100.000
p_1687:1:1:13154613	DAGCOY010000149.1	128673	38	0.0295	38	100.000
p_1687:2:1:2128885	DAGCOY010000055.1	34846	5285	15.1667	3241	99.907
p_1687:2:1:2128885	DAGCOY010000032.1	34846	2413	6.9248	951	99.579
p_1687:2:1:2128885	DAGCOY010000107.1	34846	844	2.4221	844	90.995
p_1687:2:1:2128885	DAGCOY010000039.1	34846	713	2.0461	713	93.829
p_1687:2:1:2128885	DAGCOY010000140.1	34846	653	1.874	557	84.560
p_1687:2:1:2128885	DAGCOY010000031.1	34846	653	1.874	557	84.560
p_1687:2:1:2128885	DAGCOY010000047.1	34846	260	0.7461	261	88.123
p_1687:2:1:2128885	DAGCOY010000005.1	34846	230	0.66	232	80.603
p_1687:2:1:2128885	DAGCOY010000018.1	34846	148	0.4247	150	87.333
p_1687:2:1:2128885	DAGCOY010000152.1	34846	40	0.1148	40	100.000
p_1687:2:1:2128885	DAGCOY010000151.1	34846	39	0.1119	39	100.000
p_1687:2:1:2128885	DAGCOY010000146.1	34846	39	0.1119	39	100.000
p_1687:2:1:2128885	DAGCOY010000124.1	34846	39	0.1119	39	100.000
p_1687:3:1:3172392	DAGCOY010000095.1	20518	2025	9.8694	1551	100.000
p_1687:3:1:3172392	DAGCOY010000090.1	20518	1782	8.6851	1718	100.000
p_1687:3:1:3172392	DAGCOY010000145.1	20518	1464	7.1352	1398	83.047
p_1687:3:1:3172392	DAGCOY010000058.1	20518	1385	6.7502	1398	83.047
p_1687:3:1:3172392	DAGCOY010000055.1	20518	1365	6.6527	1365	93.187
p_1687:3:1:3172392	DAGCOY010000140.1	20518	1246	6.0727	701	94.009
p_1687:3:1:3172392	DAGCOY010000031.1	20518	1246	6.0727	701	94.009
p_1687:3:1:3172392	DAGCOY010000124.1	20518	1073	5.2296	416	100.000
p_1687:3:1:3172392	DAGCOY010000003.1	20518	692	3.3726	692	96.676
p_1687:3:1:3172392	DAGCOY010000148.1	20518	468	2.2809	468	100.000
p_1687:3:1:3172392	DAGCOY010000073.1	20518	468	2.2809	468	100.000
p_1687:3:1:3172392	DAGCOY010000151.1	20518	163	0.7944	43	100.000
p_1687:3:1:3172392	DAGCOY010000147.1	20518	82	0.3996	44	97.727
p_1687:3:1:3172392	DAGCOY010000146.1	20518	79	0.385	40	100.000
p_1687:3:1:3172392	DAGCOY010000150.1	20518	77	0.3753	39	100.000
p_1687:3:1:3172392	DAGCOY010000149.1	20518	76	0.3704	38	100.000
