p_1687:1:1:13154613	DAGCOY010000031.1	128673	60114	14157	74270	60114	1	60114	99.998	0.0	1.110e+05
p_1687:1:1:13154613	DAGCOY010000031.1	128673	60114	74269	75047	10568	9792	779	97.176	0.0	1315
p_1687:1:1:13154613	DAGCOY010000031.1	128673	60114	77659	78234	10565	9993	576	96.528	0.0	950
p_1687:1:1:13154613	DAGCOY010000031.1	128673	60114	63949	64328	7606	7223	386	89.637	7.46e-135	484
p_1687:1:1:13154613	DAGCOY010000031.1	128673	60114	66665	67048	10322	9943	386	89.637	7.46e-135	484
p_1687:1:1:13154613	DAGCOY010000031.1	128673	60114	74516	74900	7606	7222	390	88.718	7.51e-130	468
p_1687:1:1:13154613	DAGCOY010000031.1	128673	60114	77903	78234	7606	7273	337	88.131	1.29e-107	394
p_1687:1:1:13154613	DAGCOY010000031.1	128673	60114	74240	74395	7826	7671	156	95.513	2.96e-64	250
p_1687:1:1:13154613	DAGCOY010000031.1	128673	60114	77632	77782	7821	7671	152	94.079	3.86e-58	230
p_1687:1:1:13154613	DAGCOY010000031.1	128673	60114	63703	63829	7797	7671	127	96.850	3.89e-53	213
p_1687:1:1:13154613	DAGCOY010000031.1	128673	60114	66474	66600	10568	10442	127	96.850	3.89e-53	213
p_1687:1:1:13154613	DAGCOY010000031.1	128673	60114	14153	14192	58590	58629	40	97.500	8.90e-10	69.4
p_1687:1:1:13154613	DAGCOY010000031.1	128673	60114	15642	15677	60079	60114	36	100.000	3.20e-09	67.6
p_1687:1:1:13154613	DAGCOY010000032.1	128673	59093	78202	128673	59093	8619	50481	99.626	0.0	92160
p_1687:1:1:13154613	DAGCOY010000032.1	128673	59093	91806	92395	45453	44864	591	89.340	0.0	741
p_1687:1:1:13154613	DAGCOY010000032.1	128673	59093	91842	92431	45489	44900	591	89.340	0.0	741
p_1687:1:1:13154613	DAGCOY010000032.1	128673	59093	91806	92362	45417	44861	558	88.172	0.0	664
p_1687:1:1:13154613	DAGCOY010000032.1	128673	59093	91878	92434	45489	44933	558	88.172	0.0	664
p_1687:1:1:13154613	DAGCOY010000032.1	128673	59093	91804	92326	45383	44861	524	87.405	7.10e-170	601
p_1687:1:1:13154613	DAGCOY010000032.1	128673	59093	91912	92434	45491	44969	524	87.405	7.10e-170	601
p_1687:1:1:13154613	DAGCOY010000032.1	128673	59093	91803	92251	45312	44864	450	88.444	4.36e-152	542
p_1687:1:1:13154613	DAGCOY010000032.1	128673	59093	91983	92431	45492	45044	450	88.444	4.36e-152	542
p_1687:1:1:13154613	DAGCOY010000032.1	128673	59093	91806	92215	45273	44864	411	88.321	4.46e-137	492
p_1687:1:1:13154613	DAGCOY010000032.1	128673	59093	92022	92431	45489	45080	411	88.321	4.46e-137	492
p_1687:1:1:13154613	DAGCOY010000032.1	128673	59093	91803	92179	45240	44864	378	87.566	2.12e-120	436
p_1687:1:1:13154613	DAGCOY010000032.1	128673	59093	92055	92431	45492	45116	378	87.566	2.12e-120	436
p_1687:1:1:13154613	DAGCOY010000032.1	128673	59093	91806	92111	45165	44861	306	86.928	4.75e-92	342
p_1687:1:1:13154613	DAGCOY010000032.1	128673	59093	92130	92434	45489	45184	306	86.928	4.75e-92	342
p_1687:1:1:13154613	DAGCOY010000032.1	128673	59093	91806	92072	45129	44864	267	87.266	2.24e-80	303
p_1687:1:1:13154613	DAGCOY010000032.1	128673	59093	92166	92431	45489	45223	267	87.266	2.24e-80	303
p_1687:1:1:13154613	DAGCOY010000032.1	128673	59093	91806	92036	45094	44864	231	87.013	1.37e-67	261
p_1687:1:1:13154613	DAGCOY010000032.1	128673	59093	92201	92431	45489	45259	231	87.013	1.37e-67	261
p_1687:1:1:13154613	DAGCOY010000140.1	128673	49626	14117	63742	1	49626	49626	99.998	0.0	91637
p_1687:1:1:13154613	DAGCOY010000140.1	128673	49626	66468	66513	49581	49626	46	95.652	1.91e-11	75.0
p_1687:1:1:13154613	DAGCOY010000140.1	128673	49626	74263	74308	49581	49626	46	95.652	1.91e-11	75.0
p_1687:1:1:13154613	DAGCOY010000140.1	128673	49626	15642	15681	76	37	40	97.500	8.90e-10	69.4
p_1687:1:1:13154613	DAGCOY010000140.1	128673	49626	14156	14192	1562	1526	37	100.000	8.90e-10	69.4
p_1687:1:1:13154613	DAGCOY010000140.1	128673	49626	77659	77695	49590	49626	37	100.000	8.90e-10	69.4
p_1687:1:1:13154613	DAGCOY010000058.1	128673	12185	913	13097	1	12185	12185	99.992	0.0	22497
p_1687:1:1:13154613	DAGCOY010000145.1	128673	11575	872	12446	11575	1	11575	99.991	0.0	21370
p_1687:1:1:13154613	DAGCOY010000078.1	128673	2843	74815	77657	2843	1	2843	100.000	0.0	5251
p_1687:1:1:13154613	DAGCOY010000078.1	128673	2843	64247	64479	2843	2611	233	96.137	1.01e-103	381
p_1687:1:1:13154613	DAGCOY010000078.1	128673	2843	66967	67049	2843	2758	86	88.372	3.16e-19	100
p_1687:1:1:13154613	DAGCOY010000107.1	128673	844	13125	13968	1	844	844	100.000	0.0	1559
p_1687:1:1:13154613	DAGCOY010000152.1	128673	613	12526	13138	1	613	613	100.000	0.0	1133
p_1687:1:1:13154613	DAGCOY010000055.1	128673	16336	13483	14156	10555	9883	674	96.884	0.0	1127
p_1687:1:1:13154613	DAGCOY010000124.1	128673	416	112	527	1	416	416	100.000	0.0	769
p_1687:1:1:13154613	DAGCOY010000089.1	128673	1884	13570	13931	2	363	363	91.736	2.06e-140	503
p_1687:1:1:13154613	DAGCOY010000075.1	128673	3431	12407	12568	1979	1818	162	99.383	1.35e-77	294
p_1687:1:1:13154613	DAGCOY010000151.1	128673	1117	90	129	40	1	40	100.000	1.91e-11	75.0
p_1687:1:1:13154613	DAGCOY010000151.1	128673	1117	873	911	1117	1079	39	100.000	6.88e-11	73.1
p_1687:1:1:13154613	DAGCOY010000150.1	128673	1901	12526	12565	1	40	40	100.000	1.91e-11	75.0
p_1687:1:1:13154613	DAGCOY010000150.1	128673	1901	873	911	1901	1863	39	100.000	6.88e-11	73.1
p_1687:1:1:13154613	DAGCOY010000146.1	128673	7127	90	129	40	1	40	100.000	1.91e-11	75.0
p_1687:1:1:13154613	DAGCOY010000147.1	128673	6524	872	910	6524	6486	39	100.000	6.88e-11	73.1
p_1687:1:1:13154613	DAGCOY010000149.1	128673	2299	873	910	2299	2262	38	100.000	2.47e-10	71.3
p_1687:2:1:2128885	DAGCOY010000055.1	34846	16336	3945	7185	2396	5635	3241	99.907	0.0	5967
p_1687:2:1:2128885	DAGCOY010000055.1	34846	16336	27716	29087	14371	13000	1372	93.513	0.0	2041
p_1687:2:1:2128885	DAGCOY010000055.1	34846	16336	26509	27180	9884	10555	673	87.370	0.0	771
p_1687:2:1:2128885	DAGCOY010000032.1	34846	59093	2998	3948	3861	2911	951	99.579	0.0	1735
p_1687:2:1:2128885	DAGCOY010000032.1	34846	59093	26098	26507	6668	6259	411	88.321	1.21e-137	492
p_1687:2:1:2128885	DAGCOY010000032.1	34846	59093	572	801	10112	9883	230	95.652	5.90e-101	370
p_1687:2:1:2128885	DAGCOY010000032.1	34846	59093	1104	1652	8819	8271	563	79.041	3.55e-98	361
p_1687:2:1:2128885	DAGCOY010000032.1	34846	59093	80	299	10589	10369	226	78.319	2.34e-30	135
p_1687:2:1:2128885	DAGCOY010000032.1	34846	59093	29828	29880	56210	56262	53	96.226	6.65e-16	87.9
p_1687:2:1:2128885	DAGCOY010000107.1	34846	844	26695	27538	844	1	844	90.995	0.0	1138
p_1687:2:1:2128885	DAGCOY010000039.1	34846	37221	14307	15019	16645	15933	713	93.829	0.0	1074
p_1687:2:1:2128885	DAGCOY010000140.1	34846	49626	29192	29746	5887	6440	557	84.560	2.54e-154	547
p_1687:2:1:2128885	DAGCOY010000140.1	34846	49626	29091	29188	5757	5854	98	87.755	3.05e-24	115
p_1687:2:1:2128885	DAGCOY010000031.1	34846	60114	29192	29746	54268	53715	557	84.560	2.54e-154	547
p_1687:2:1:2128885	DAGCOY010000031.1	34846	60114	29091	29188	54398	54301	98	87.755	3.05e-24	115
p_1687:2:1:2128885	DAGCOY010000047.1	34846	25058	26098	26357	16949	17208	261	88.123	1.30e-82	309
p_1687:2:1:2128885	DAGCOY010000005.1	34846	197185	30996	31225	112734	112505	232	80.603	1.38e-42	176
p_1687:2:1:2128885	DAGCOY010000018.1	34846	95889	29651	29798	31743	31599	150	87.333	2.99e-39	165
p_1687:2:1:2128885	DAGCOY010000152.1	34846	613	27525	27564	613	574	40	100.000	5.18e-12	75.0
p_1687:2:1:2128885	DAGCOY010000151.1	34846	1117	34787	34825	39	1	39	100.000	1.86e-11	73.1
p_1687:2:1:2128885	DAGCOY010000146.1	34846	7127	34787	34825	39	1	39	100.000	1.86e-11	73.1
p_1687:2:1:2128885	DAGCOY010000124.1	34846	416	34808	34846	1	39	39	100.000	1.86e-11	73.1
p_1687:3:1:3172392	DAGCOY010000090.1	20518	1777	16885	18602	1718	1	1718	100.000	0.0	3173
p_1687:3:1:3172392	DAGCOY010000090.1	20518	1777	13850	13913	1777	1714	64	100.000	1.39e-25	119
p_1687:3:1:3172392	DAGCOY010000095.1	20518	1551	18907	20457	1	1551	1551	100.000	0.0	2865
p_1687:3:1:3172392	DAGCOY010000095.1	20518	1551	13913	14349	1425	989	437	100.000	0.0	808
p_1687:3:1:3172392	DAGCOY010000095.1	20518	1551	20437	20494	1494	1551	58	93.103	1.41e-15	86.1
p_1687:3:1:3172392	DAGCOY010000055.1	20518	16336	6925	8289	14364	13000	1365	93.187	0.0	2006
p_1687:3:1:3172392	DAGCOY010000145.1	20518	11575	5491	6875	4058	5443	1398	83.047	0.0	1245
p_1687:3:1:3172392	DAGCOY010000145.1	20518	11575	722	761	11575	11536	40	100.000	3.05e-12	75.0
p_1687:3:1:3172392	DAGCOY010000145.1	20518	11575	5423	5461	11575	11537	39	100.000	1.10e-11	73.1
p_1687:3:1:3172392	DAGCOY010000058.1	20518	12185	5491	6875	7477	6092	1398	83.047	0.0	1245
p_1687:3:1:3172392	DAGCOY010000003.1	20518	264375	19203	19894	221951	222642	692	96.676	0.0	1151
p_1687:3:1:3172392	DAGCOY010000140.1	20518	49626	761	1458	7180	6483	701	94.009	0.0	1057
p_1687:3:1:3172392	DAGCOY010000140.1	20518	49626	2582	3129	6214	5667	551	74.047	3.70e-56	220
p_1687:3:1:3172392	DAGCOY010000031.1	20518	60114	758	1455	52972	53669	701	94.009	0.0	1057
p_1687:3:1:3172392	DAGCOY010000031.1	20518	60114	2582	3129	53941	54488	551	74.047	3.70e-56	220
p_1687:3:1:3172392	DAGCOY010000148.1	20518	3799	11321	11788	3001	2534	468	100.000	0.0	865
p_1687:3:1:3172392	DAGCOY010000073.1	20518	3717	11321	11788	758	1225	468	100.000	0.0	865
p_1687:3:1:3172392	DAGCOY010000124.1	20518	416	4663	5078	1	416	416	100.000	0.0	769
p_1687:3:1:3172392	DAGCOY010000124.1	20518	416	1	377	40	416	377	100.000	0.0	697
p_1687:3:1:3172392	DAGCOY010000124.1	20518	416	18626	18905	1	280	280	100.000	1.17e-145	518
p_1687:3:1:3172392	DAGCOY010000151.1	20518	1117	4638	4680	43	1	43	100.000	6.55e-14	80.5
p_1687:3:1:3172392	DAGCOY010000151.1	20518	1117	723	765	1117	1075	43	97.674	3.05e-12	75.0
p_1687:3:1:3172392	DAGCOY010000151.1	20518	1117	18605	18643	39	1	39	100.000	1.10e-11	73.1
p_1687:3:1:3172392	DAGCOY010000151.1	20518	1117	5424	5461	1117	1080	38	100.000	3.94e-11	71.3
p_1687:3:1:3172392	DAGCOY010000147.1	20518	6524	722	764	6524	6481	44	97.727	3.05e-12	75.0
p_1687:3:1:3172392	DAGCOY010000147.1	20518	6524	5423	5461	6524	6486	39	100.000	1.10e-11	73.1
p_1687:3:1:3172392	DAGCOY010000146.1	20518	7127	4641	4680	40	1	40	100.000	3.05e-12	75.0
p_1687:3:1:3172392	DAGCOY010000146.1	20518	7127	18605	18643	39	1	39	100.000	1.10e-11	73.1
p_1687:3:1:3172392	DAGCOY010000150.1	20518	1901	723	761	1901	1863	39	100.000	1.10e-11	73.1
p_1687:3:1:3172392	DAGCOY010000150.1	20518	1901	5424	5461	1901	1864	38	100.000	3.94e-11	71.3
p_1687:3:1:3172392	DAGCOY010000149.1	20518	2299	5424	5461	2299	2262	38	100.000	3.94e-11	71.3
p_1687:3:1:3172392	DAGCOY010000149.1	20518	2299	723	760	2299	2262	38	100.000	3.94e-11	71.3
